gamma0.6;gamma1.6;delta0.6;delta1.6;sigma_a.6;sigma_b.6;sigma_y.6;rho.6;sigma_a.3;sigma_b.3
0.778435626;0.391256086;0.692240711;0.410005367;0.267620124;0.197006861;0.752661855;-0.819716991;0.351954545;0.264647914
