"gamma0.4";"gamma1.4";"delta0.4";"delta1.4";"sigma_a.4";"sigma_b.4";"sigma_y.4";"rho.4";"sigma_a.u";"sigma_b.u"
0.778435626;0.391256086;0.692240711;0.410005367;0.267620124;0.197006861;0.7526618545;-0.8197169905;0.351954545;0.2646479135
